disease_id,disease_name,cluster,genes,umap_x,umap_y
OMIM:101200,,2,FGFR2,-4.77042,4.7683115
OMIM:102500,,2,NOTCH2,-4.7270627,5.297686
OMIM:105650,,0,RPS19,-4.6065187,3.4518745
OMIM:107480,,0,SALL1,-5.5425963,3.4669418
OMIM:113620,,0,TFAP2A,-4.640187,2.8457687
OMIM:114290,,2,SOX9,-3.6638846,5.105644
OMIM:115150,,2,BRAF,-3.6190498,3.8673136
OMIM:117550,,3,NSD1,-1.9203817,2.582724
OMIM:118450,,3,JAG1,-3.2940376,3.324408
OMIM:119600,,2,RUNX2,-4.2904634,5.2488523
OMIM:122470,,0,NIPBL,-4.6348486,2.337127
OMIM:124000,,1,BCS1L,-0.6428387,4.796718
OMIM:130720,,2,NOTCH3,-4.8135796,5.231978
OMIM:133540,,1,ERCC6,-1.3790325,4.6592016
OMIM:135900,,3,ARID1B,-3.946708,2.4278245
OMIM:136140,,3,SRCAP,-4.2353506,2.1416814
OMIM:139210,,0,SMAD4,-3.9555047,2.5264392
OMIM:143095,,2,CHST3,-3.8768501,5.779516
OMIM:146510,,0,GLI3,-5.437365,3.5617216
OMIM:147920,,0,"KDM6A, KMT2D",-4.2845616,2.9374957
OMIM:151050,,0,PTDSS1,-3.8948874,3.7124248
OMIM:154400,,0,SF3B4,-5.586483,4.201283
OMIM:154700,,2,FBN1,-4.0897074,6.221873
OMIM:156200,,3,MBD5,-2.3706293,2.379795
OMIM:157800,,2,MAP3K7,-3.3217812,3.1241755
OMIM:163950,,0,"BRAF, MAP2K1, PTPN11",-4.379216,3.5763857
OMIM:164210,,0,SF3B2,-5.6588244,3.8342004
OMIM:166250,,2,FGFR1,-4.277004,5.280653
OMIM:170390,,2,KCNJ2,-4.391246,4.7269435
OMIM:176270,,3,"IPW, MKRN3, HERC2",-1.8762807,0.7557156
OMIM:180700,,2,"DVL1, WNT5A",-4.067563,4.8850737
OMIM:180849,,0,"CREBBP, EP300",-3.4906087,3.0121944
OMIM:181270,,2,KCTD1,-3.8524287,3.0801592
OMIM:182212,,2,SKI,-4.0345016,5.9153776
OMIM:182290,,3,RAI1,-2.7493057,1.7048814
OMIM:188400,,0,TBX1,-4.80693,3.5294333
OMIM:193700,,2,MYH3,-3.6933205,3.2251515
OMIM:194050,,2,"ELN, MLXIPL",-4.5484266,2.180578
OMIM:194190,,0,"CTBP1, LETM1, -",-4.6331077,2.7380552
OMIM:200990,,2,KIF7,-4.5884256,3.9720967
OMIM:201000,,2,RAB23,-4.562302,4.9950833
OMIM:201750,,2,POR,-4.3024616,4.883432
OMIM:209900,,1,"BBS1, CCDC28B, ARL6",-1.1239363,4.5969114
OMIM:210710,,0,RNU4ATAC,-3.891798,4.047293
OMIM:211380,,2,CDH11,-4.742367,5.2007475
OMIM:212065,,1,PMM2,-0.99385405,4.72038
OMIM:212066,,3,MGAT2,-2.2904239,2.900548
OMIM:212720,,2,RAB3GAP2,-3.828795,5.431376
OMIM:213980,,2,TMCO1,-3.1095977,3.389048
OMIM:214100,,1,PEX1,-2.6509876,4.3859935
OMIM:214150,,1,ERCC6,-1.7215606,4.567505
OMIM:214800,,0,CHD7,-5.5889087,3.6126924
OMIM:215140,,2,LBR,-3.7394917,4.9863205
OMIM:216340,,0,FIG4,-3.6536481,4.122761
OMIM:216400,,1,ERCC8,-1.1792469,4.757353
OMIM:218000,,3,SLC12A6,-1.4758245,3.3650353
OMIM:218040,,2,HRAS,-3.8110049,3.9281473
OMIM:218330,,2,IFT122,-3.2698262,4.914467
OMIM:218600,,2,RECQL4,-4.717146,4.6032805
OMIM:219000,,0,FRAS1,-5.186226,4.287026
OMIM:219800,,1,CTNS,-1.3391724,5.7790875
OMIM:220111,,1,LRPPRC,-1.5510253,4.216586
OMIM:220500,,0,TBC1D24,-2.4485471,3.9315796
OMIM:222470,,2,SKIC3,-3.6881273,4.533676
OMIM:224690,,2,ORC1,-4.5616145,4.511377
OMIM:235510,,2,CCBE1,-4.2006,4.7859387
OMIM:235730,,0,ZEB2,-4.1189384,1.4773164
OMIM:236670,,0,"FKTN, LARGE1, POMT1",-4.427928,3.9856994
OMIM:242840,,1,EPG5,-2.3593051,4.3135896
OMIM:242900,,1,SMARCAL1,-1.8597032,5.463786
OMIM:243800,,0,UBR1,-2.5531337,4.4311824
OMIM:244450,,3,UBE3B,-3.245075,3.600846
OMIM:245600,,2,"CHST3, B3GAT3",-3.5835311,5.9481525
OMIM:248500,,1,MAN2B1,-2.4465837,5.8806233
OMIM:249000,,0,MKS1,-4.8247123,3.9795732
OMIM:249420,,2,SH3PXD2B,-3.4495926,5.87311
OMIM:251300,,1,WDR73,-1.3649554,4.004015
OMIM:251450,,2,CANT1,-3.7067537,5.850288
OMIM:252010,,1,NDUFS4,-0.9527184,4.6836033
OMIM:252500,,2,GNPTAB,-2.8693647,5.8388386
OMIM:252940,,1,GNS,-2.367432,6.013738
OMIM:253200,,1,ARSB,-2.5011883,6.1538253
OMIM:253220,,1,GUSB,-2.4741795,6.159412
OMIM:254940,,1,MYMK,-2.4555862,4.2773504
OMIM:255800,,2,HSPG2,-4.318687,5.7832823
OMIM:256030,,2,NEB,-3.3746018,5.214421
OMIM:256040,,1,PSMB8,-1.0641578,5.4079967
OMIM:256520,,0,PHGDH,-4.842856,4.16902
OMIM:256810,,1,MPV17,-0.94708467,4.9779263
OMIM:257300,,2,BUB1B,-3.7435071,4.307819
OMIM:258450,,1,POLG,-0.42457905,4.9245453
OMIM:259050,,3,ZBTB20,-2.3586302,1.7880943
OMIM:259600,,2,MMP2,-3.250539,6.0600023
OMIM:259720,,1,OSTM1,-1.3689795,5.154244
OMIM:261515,,2,HSD17B4,-2.7963903,4.682923
OMIM:261540,,0,B3GLCT,-4.6482124,3.1040998
OMIM:263650,,2,RIPK4,-4.6967,4.308273
OMIM:264090,,2,POLR3A,-3.3938618,4.447096
OMIM:265000,,2,CHRNG,-4.5705123,5.3891754
OMIM:265380,,0,FOXF1,-4.501373,3.937529
OMIM:266920,,1,IFT140,-2.5405781,4.621854
OMIM:267750,,1,COL18A1,-2.0490267,3.916958
OMIM:268300,,2,ESCO2,-5.027047,4.1722636
OMIM:268310,,2,ROR2,-4.034165,4.8333697
OMIM:268400,,2,RECQL4,-3.909684,5.4312043
OMIM:269150,,2,SETBP1,-3.8114033,4.539579
OMIM:270400,,1,DHCR7,-3.310689,3.8120627
OMIM:270450,,3,IGF1R,-2.9056299,2.631475
OMIM:271640,,2,B3GALT6,-3.9110162,5.980525
OMIM:271665,,2,DDR2,-3.5926738,5.4043674
OMIM:274000,,0,RBM8A,-5.6184783,3.874091
OMIM:275210,,2,ZMPSTE24,-4.8323054,4.525976
OMIM:277590,,3,EZH2,-3.443998,2.1727307
OMIM:277900,,1,ATP7B,-0.9226247,5.54966
OMIM:278250,,2,ATP6V0A2,-3.8202307,5.6023674
OMIM:280000,,2,PIGL,-4.1380806,3.9216611
OMIM:300166,,0,BCOR,-4.1317587,1.3872501
OMIM:300260,,3,MECP2,-2.4566178,2.3753326
OMIM:300373,,2,AMER1,-3.5580897,4.0897045
OMIM:300534,,3,KDM5C,-2.8129847,1.9433576
OMIM:300855,,2,NAA10,-3.0762823,3.677958
OMIM:300868,,2,PIGA,-2.253996,3.5746129
OMIM:300895,,3,MED12,-3.0643606,2.6078484
OMIM:300912,,3,NEXMIF,-1.3758546,2.2870507
OMIM:300966,,3,TAF1,-2.3601801,2.0942638
OMIM:300967,,3,NONO,-2.1516006,1.9641482
OMIM:300968,,3,USP9X,-3.6563528,2.640644
OMIM:300998,,3,RPL10,-3.3639498,2.326571
OMIM:301040,,2,ATRX,-3.9003396,4.5503955
OMIM:301044,,3,SMC1A,-3.001896,2.524549
OMIM:301056,,0,OTUD5,-3.7736197,3.0084293
OMIM:301066,,3,TFE3,-1.6086909,2.133199
OMIM:301068,,1,MED12,-1.1864427,5.3296485
OMIM:303600,,2,RPS6KA3,-3.0355413,5.253205
OMIM:304120,,2,FLNA,-4.5684414,4.8545427
OMIM:305400,,2,FGD1,-4.210405,4.6304064
OMIM:305450,,2,MED12,-4.347357,3.554006
OMIM:305600,,0,PORCN,-5.5114603,3.8530293
OMIM:306955,,0,ZIC3,-4.817336,4.054969
OMIM:308205,,0,MBTPS2,-4.969215,3.4324138
OMIM:309500,,0,PQBP1,-4.008554,2.2299356
OMIM:309580,,2,ATRX,-3.9648504,4.647936
OMIM:309590,,3,HUWE1,-3.0191016,2.0580916
OMIM:309800,,0,"NAA10, BCOR",-5.1243587,3.7603767
OMIM:311200,,2,OFD1,-5.0640283,4.439078
OMIM:312870,,2,"GPC4, GPC3",-4.27265,4.0224304
OMIM:600920,,2,SCARF2,-4.2443566,5.6651006
OMIM:601358,,3,SMARCA2,-3.1347308,2.1014693
OMIM:601390,,2,DCHS1,-3.8858855,5.0128756
OMIM:601559,,2,LIFR,-2.8882127,4.341004
OMIM:601776,,2,CHST14,-4.861985,5.128496
OMIM:601812,,2,PDGFRB,-4.1155095,5.283931
OMIM:602342,,3,TBL1XR1,-2.8918698,2.89241
OMIM:602535,,2,NFIX,-3.3702855,4.1717877
OMIM:604292,,0,TP63,-5.618026,3.721521
OMIM:605039,,0,ASXL1,-3.0167344,3.4456062
OMIM:605130,,3,KMT2A,-3.1238036,2.5746462
OMIM:606232,,3,SHANK3,-3.0128326,2.1972053
OMIM:606721,,1,CAV1,-1.7164011,4.5261817
OMIM:607014,,2,IDUA,-2.5436866,6.0460267
OMIM:607323,,0,SALL4,-5.546879,3.4674613
OMIM:607459,,1,"POLG, TWNK",-0.2198241,5.0231094
OMIM:607721,,3,SHOC2,-3.7965539,3.6837888
OMIM:607932,,0,BMP4,-3.4924812,2.2123096
OMIM:607944,,2,ACP5,-2.723758,4.9154687
OMIM:608779,,1,COG7,-2.6790385,4.2684684
OMIM:608836,,1,CPT2,-2.5279455,4.596014
OMIM:609136,,1,SOX10,-0.71331143,4.560632
OMIM:610168,,2,TGFBR2,-4.2315326,6.046863
OMIM:610443,,0,KANSL1,-3.419956,1.310002
OMIM:610759,,3,SMC3,-4.68387,2.280604
OMIM:610954,,3,TCF4,-1.727922,1.8340088
OMIM:611174,,2,IRX5,-3.5021584,5.407931
OMIM:611209,,2,COG1,-3.9548705,4.8760505
OMIM:612289,,2,SLC25A24,-3.259546,4.4576087
OMIM:612313,,2,SATB2,-1.9908175,2.6069584
OMIM:612474,,3,"GJA5, GJA8",-2.5495617,2.5880742
OMIM:613406,,3,SIN3A,-2.775491,1.9881524
OMIM:613610,,2,WDR35,-3.135292,4.850887
OMIM:613658,,1,FARSB,-1.8408332,5.1589303
OMIM:613795,,2,SMAD3,-4.1744227,6.1706815
OMIM:614080,,2,PIGN,-2.350434,3.820493
OMIM:614756,,3,CAMTA1,-2.0148523,2.385805
OMIM:614866,,0,PEX2,-2.5662646,4.554964
OMIM:614976,,2,MEGF8,-3.8279872,4.9723454
OMIM:615273,,1,NGLY1,-1.6572626,4.0522976
OMIM:615398,,3,PIGT,-2.1375086,3.801859
OMIM:615485,,3,ASXL3,-2.671543,2.63281
OMIM:615546,,2,FAT4,-3.9260316,4.936807
OMIM:615582,,2,TGFB3,-4.2380214,6.1342144
OMIM:615688,,1,ADA2,-0.7398215,5.6942677
OMIM:615802,,1,PGAP1,-1.2856601,3.3967443
OMIM:615846,,1,IFIH1,-1.2539294,5.122764
OMIM:615873,,3,ADNP,-2.6920536,2.1177661
OMIM:616007,,2,IARS2,-3.4101477,5.793805
OMIM:616078,,3,SETBP1,-2.2131858,1.9777492
OMIM:616268,,3,KAT6A,-2.8246107,2.5032732
OMIM:616271,,1,CLPB,-1.0422733,4.826374
OMIM:616364,,3,POGZ,-2.2971466,2.1952477
OMIM:616541,,1,XRCC4,-1.4213121,4.816254
OMIM:616580,,3,HNRNPK,-3.415535,1.42661
OMIM:616737,,3,CDC42,-3.577174,2.3463533
OMIM:616973,,1,GNB1,-1.159418,2.9043577
OMIM:616975,,3,RERE,-3.1821218,2.9225264
OMIM:617052,,1,DNAJC21,-2.0232995,5.532399
OMIM:617061,,3,TRIO,-2.7897942,2.4902112
OMIM:617137,,2,MAP3K7,-3.9868329,4.561926
OMIM:617140,,3,SON,-2.4940279,3.0793035
OMIM:617157,,2,PRMT7,-2.8183353,3.5426304
OMIM:617193,,1,TBCD,-1.2985339,3.4132793
OMIM:617201,,3,NEDD4L,-1.8581111,2.245242
OMIM:617303,,1,VPS33A,-1.9229506,4.2293797
OMIM:617330,,3,EBF3,-2.0950847,2.382734
OMIM:617360,,3,CDK13,-3.1321235,2.8016267
OMIM:617402,,2,ATP6V1E1,-4.313213,5.703055
OMIM:617506,,2,PPP1CB,-3.5780427,3.8581657
OMIM:617557,,3,YY1,-2.2076416,1.8705862
OMIM:617796,,3,ASH1L,-1.8189555,2.168004
OMIM:617799,,1,CAMK2B,-1.152779,2.868888
OMIM:617804,,3,DHX30,-1.492222,2.5920842
OMIM:618076,,1,UFC1,-2.0648713,3.5842738
OMIM:618143,,1,PIGS,-1.2128845,3.1719465
OMIM:618268,,3,CCDC47,-2.443043,2.9363587
OMIM:618316,,3,TMEM94,-3.009843,3.2027664
OMIM:618332,,3,CREBBP,-3.7848086,2.9086351
OMIM:618371,,3,PCGF2,-2.6371715,2.1832023
OMIM:618443,,3,MAPK8IP3,-2.0537121,2.8759768
OMIM:618454,,3,TRRAP,-3.5709822,2.6203778
OMIM:618494,,0,ATN1,-3.585744,2.7643082
OMIM:618659,,3,ZMIZ1,-3.1868763,2.1805716
OMIM:618947,,2,TOR1A,-3.812148,3.5536833
OMIM:619004,,3,MADD,-2.9269383,3.1715055
OMIM:619087,,2,MAPK1,-3.5057254,3.2531443
OMIM:619127,,2,MTX2,-3.0906632,5.9846387
OMIM:619194,,2,HS2ST1,-3.192575,3.3969815
OMIM:619229,,3,SATB1,-1.8897028,2.3042548
OMIM:619293,,3,SMARCA2,-2.6780534,2.2931395
OMIM:619297,,3,AFF3,-2.1321366,2.5310059
OMIM:619312,,3,SPEN,-2.3869705,2.0891936
OMIM:619325,,3,BICRA,-2.492767,2.43568
OMIM:619383,,2,PPP1R21,-1.9070033,3.913759
OMIM:619472,,2,IPO8,-4.0507207,5.984457
OMIM:619475,,3,SPTBN1,-2.6872885,1.7727985
OMIM:619487,,1,RNU7-1,-1.2180775,4.9664717
OMIM:619488,,0,ZNF699,-3.2131038,4.38494
OMIM:619503,,3,GNB2,-2.541217,2.486001
OMIM:619512,,3,CLCN3,-2.3113818,2.5795665
OMIM:619522,,3,ZMYM2,-2.9251595,2.6873305
OMIM:619525,,1,SLC37A4,-2.185598,5.0884557
OMIM:619534,,1,IFT56,-2.6161273,4.7887607
OMIM:619539,,3,PRR12,-2.6176102,2.3217547
OMIM:619573,,1,DEF6,-1.3779025,5.437142
OMIM:619580,,3,GRIK2,-1.2251318,2.679369
OMIM:619720,,3,H3-3A,-2.3593624,3.0761359
OMIM:619777,,3,FBXO28,-1.6914626,3.0737085
OMIM:619833,,1,NRCAM,-2.5269084,3.4518719
OMIM:619841,,3,CDC42BPB,-2.3934436,2.29967
OMIM:619950,,3,H4C5,-2.3837376,2.300754
OMIM:619991,,1,FOCAD,-1.9190174,5.1134644
OMIM:620005,,0,PRIM1,-2.624745,5.2565627
OMIM:620083,,1,HNRNPH1,-1.573722,2.713246
OMIM:620186,,2,KMT2D,-3.2915537,2.992602
OMIM:620224,,3,TRPM3,-1.9171307,2.0948925
ORPHA:1052,,0,"BUB1, BUB1B, BUB3",-5.1818953,3.1221628
ORPHA:109,,2,PTEN,-3.1867435,5.0276427
ORPHA:1106,,2,SMOC1,-5.2416306,4.12216
ORPHA:117,,1,"FAS, C4A, CCR1",-0.4982386,5.7257714
ORPHA:124,,0,"GATA1, RPL5, RPL11",-4.43709,3.3371744
ORPHA:125,,1,BLM,-2.1305175,4.8875036
ORPHA:1272,,2,MAF,-4.0801497,2.6523025
ORPHA:1299,,2,CDH11,-4.7742925,4.997036
ORPHA:1340,,2,"BRAF, KRAS, MAP2K1",-4.002319,3.7776146
ORPHA:1359,,1,"PRKAR1A, PDE11A",-0.36137754,6.2549515
ORPHA:138,,0,"SEMA3E, CHD7",-5.3381786,3.0016854
ORPHA:14,,1,MTTP,-0.85366017,5.615507
ORPHA:1452,,2,RUNX2,-4.226234,5.069763
ORPHA:1465,,3,"DPF2, SMARCA4, SMARCB1",-3.5312502,1.8563142
ORPHA:1507,,2,"ROR2, NXN",-4.6194177,4.1267757
ORPHA:1596,,0,MCTP2,-4.0188913,3.069629
ORPHA:1606,,1,"RERE, GABRD, HSPG2",-5.1448603,2.424865
ORPHA:163956,,3,UBE2A,-2.8458827,2.8616023
ORPHA:1662,,2,"LMNA, ZMPSTE24",-4.897617,4.512239
ORPHA:167,,1,LYST,-0.42519897,5.5406966
ORPHA:1675,,3,DPYD,-1.8785585,1.8310587
ORPHA:17,,1,SUCLG1,-0.7444192,4.313535
ORPHA:171,,1,"GPR35, MST1, TCF4",-0.6109959,5.8935857
ORPHA:175,,2,RMRP,-3.388784,3.6682723
ORPHA:1772,,0,SRY,-4.9475074,3.1909034
ORPHA:1775,,1,"DKC1, NPM1, PARN",-1.5333067,5.679861
ORPHA:177901,,3,"NDN, OCA2, SNRPN",-1.8621643,0.72904855
ORPHA:177904,,3,"NDN, OCA2, SNRPN",-1.8300426,0.73033094
ORPHA:177907,,3,SNRPN,-2.2478697,1.1730607
ORPHA:1826,,2,"FLNA, MAP3K7",-4.5891776,4.506364
ORPHA:1830,,1,SMARCAL1,-1.4250971,5.411188
ORPHA:1900,,2,PLOD1,-3.6303601,6.494744
ORPHA:192,,2,RPS6KA3,-3.171294,5.1399198
ORPHA:193,,0,VPS13B,-4.618213,2.9180017
ORPHA:198,,2,ATP7A,-3.771126,6.3476977
ORPHA:199,,0,"RAD21, SMC1A, SMC3",-4.8920593,2.4772735
ORPHA:201,,1,"AKT1, PIK3CA, PTEN",-0.51416874,4.6948023
ORPHA:2020,,2,"ACTA1, ITGA7, MYL2",-3.4895341,5.3566713
ORPHA:2044,,3,SRCAP,-4.3048153,2.0399406
ORPHA:2052,,0,"GRIP1, FRAS1, FREM2",-5.244405,4.1956477
ORPHA:206436,,1,"GALC, PSAP",-0.7497532,4.8815722
ORPHA:2072,,1,GBA1,-1.5779527,5.163858
ORPHA:2092,,0,PORCN,-5.453071,3.6072552
ORPHA:209905,,0,NKX2-1,-0.67139035,4.165369
ORPHA:2131,,1,"ATP1A2, ATP1A3, CACNA1A",-0.42233482,4.522639
ORPHA:217085,,1,IDS,-2.3195674,6.2546825
ORPHA:217093,,1,IDS,-2.3912413,6.193479
ORPHA:2203,,1,AASS,-0.20417488,3.8794668
ORPHA:220386,,1,"FGF8, FGFR1, GAS1",-0.052923743,3.7673714
ORPHA:221008,,1,ANAPC1,-1.6144577,5.7875648
ORPHA:221016,,1,RECQL4,-1.655782,5.8409276
ORPHA:221139,,2,"PIK3CD, KNSTRN",-2.5326238,3.7941668
ORPHA:2273,,1,MBTPS2,-3.7604508,3.7638235
ORPHA:2308,,0,FLI1,-4.643374,3.5214157
ORPHA:2322,,0,"KDM6A, KMT2D",-4.4878726,2.7525194
ORPHA:233,,0,"CHN1, MAFB, SALL4",-4.823027,2.8103807
ORPHA:235,,0,"LIG4, NSUN2",-4.859983,2.771332
ORPHA:2363,,0,"FGF10, FGFR3, FGFR2",-5.5252643,3.4397113
ORPHA:2388,,1,VPS13A,-0.34784573,5.264475
ORPHA:239,,1,DYM,-1.3506693,3.3113813
ORPHA:2396,,1,"FGFR1, KRAS",-0.4432351,4.7157454
ORPHA:2461,,0,PIEZO2,-3.9761126,3.9650886
ORPHA:247262,,3,"PIGL, PGAP2, PIGV",-2.3222976,2.8279767
ORPHA:2495,,1,"AKT1, NF2, PDGFB",-0.30748966,5.7639785
ORPHA:251028,,3,SATB2,-1.9235023,2.3361151
ORPHA:2526,,0,KIF11,-2.9117486,3.955255
ORPHA:254892,,1,"SLC25A4, POLG, POLG2",-0.2196017,5.1536503
ORPHA:2556,,1,"COX7B, HCCS, NDUFB11",-1.0471559,4.314183
ORPHA:261323,,3,KIF15,-3.6382134,2.2572112
ORPHA:261330,,0,"BCR, CRKL, MAPK1",-3.2036777,2.480018
ORPHA:2614,,1,LMX1B,-1.1240109,6.08069
ORPHA:261537,,0,ZEB2,-4.1270065,1.555607
ORPHA:261552,,0,ZEB2,-4.080989,1.6122178
ORPHA:2636,,2,RNU4ATAC,-4.3786283,4.232185
ORPHA:2658,,2,PTDSS1,-4.2691545,3.8735228
ORPHA:268261,,3,DYRK1A,-2.9314446,1.2841477
ORPHA:2710,,0,GJA1,-4.9456935,3.1655872
ORPHA:2745,,0,MID1,-4.2456675,2.684352
ORPHA:2750,,2,OFD1,-4.9966993,4.082426
ORPHA:2753,,0,TCTN3,-4.149129,4.1767797
ORPHA:2785,,1,CA2,-2.9389727,5.3795295
ORPHA:280,,0,"CTBP1, LETM1, NSD2",-4.924569,2.9343183
ORPHA:280633,,3,PIGN,-2.280016,3.5156307
ORPHA:2834,,2,ATP6V0A2,-3.4128673,5.252187
ORPHA:286,,2,COL3A1,-4.4632764,5.0280423
ORPHA:287,,2,"COL1A1, COL5A1, COL5A2",-3.4990659,6.568483
ORPHA:2896,,3,TCF4,-1.668184,1.780032
ORPHA:2953,,2,"DSE, CHST14",-4.2126474,3.1510727
ORPHA:2990,,2,"CHRNG, MYH3",-4.8440285,5.0530005
ORPHA:2995,,1,"ACTB, ACTG1",-3.484879,3.5769763
ORPHA:300570,,3,TUBB3,-1.9394548,2.9860787
ORPHA:3063,,2,SMS,-4.644615,5.5852437
ORPHA:309282,,2,MAN2B1,-1.9164015,2.6916177
ORPHA:3107,,2,"DVL1, DVL3, FZD2",-4.3572245,4.5676727
ORPHA:319182,,3,KMT2A,-3.0899708,2.7620068
ORPHA:321,,1,"EXT1, EXT2",-1.2779777,5.9923844
ORPHA:324,,1,GLA,-0.54621786,5.717336
ORPHA:3261,,1,"FAS, FASLG, CASP10",-0.80740565,5.973352
ORPHA:329224,,3,PACS1,-3.0250025,2.121624
ORPHA:333,,1,ASAH1,-0.8402231,5.1346345
ORPHA:33364,,1,"CARS1, ERCC2, ERCC3",-3.8675807,2.6308043
ORPHA:3342,,3,SLC2A10,-4.480703,4.2613316
ORPHA:3455,,1,POLR3A,-3.3937793,3.7082865
ORPHA:3472,,0,"FIG4, VAC14",-3.7376275,4.1313615
ORPHA:35107,,1,DHCR24,-3.146071,4.09076
ORPHA:352665,,0,HNRNPK,-3.5994592,1.0806903
ORPHA:353277,,0,CREBBP,-4.5312967,1.9733144
ORPHA:353281,,0,CREBBP,-4.400324,1.8555226
ORPHA:353284,,0,EP300,-4.516572,2.0143006
ORPHA:356961,,1,SLC35A2,-0.5521761,3.6355584
ORPHA:357074,,3,"ATP6V1A, ATP6V1E1, ATP6V0A2",-2.653561,3.831359
ORPHA:358,,1,"CLCNKB, SLC12A3",-0.74600387,5.6572394
ORPHA:363528,,3,ADAT3,-2.668886,3.027116
ORPHA:363611,,3,CTCF,-3.27348,2.7739556
ORPHA:363700,,2,NF1,-3.7855475,3.836884
ORPHA:363958,,3,KANSL1,-3.397316,1.087882
ORPHA:363965,,3,KANSL1,-3.4172747,1.0955218
ORPHA:364028,,3,GRIA3,-2.841847,1.4657094
ORPHA:369837,,3,PIGT,-2.3878155,3.7094238
ORPHA:369891,,3,MED13L,-2.3549309,2.4561565
ORPHA:37042,,1,FOXP3,-0.6898852,5.45774
ORPHA:373,,2,"GPC4, GPC3",-4.3567624,3.802046
ORPHA:391372,,3,FOXP1,-3.3364437,1.1955372
ORPHA:391408,,3,"PPP1R15B, TRMT10A",-3.0373173,2.191288
ORPHA:397715,,2,"KIAA0586, CSPP1",-3.2888052,4.268544
ORPHA:398069,,3,MAGEL2,-1.8245906,0.77980554
ORPHA:398079,,3,SIM1,-1.8467382,0.72305596
ORPHA:404448,,3,ADNP,-2.5197625,1.5189905
ORPHA:404454,,1,NGLY1,-1.4694332,3.876626
ORPHA:439822,,2,PDE4D,-3.9982035,2.3410778
ORPHA:443811,,1,PGM3,-0.6294568,4.1016703
ORPHA:444077,,0,AFF4,-4.74528,2.2024014
ORPHA:453504,,0,HNRNPK,-3.5719845,1.0494156
ORPHA:457279,,3,PPP2R5D,-2.0303853,2.1108897
ORPHA:457395,,2,RSPRY1,-3.5885158,5.9516926
ORPHA:459070,,3,RPL10,-3.0027406,1.7751607
ORPHA:464,,1,IKBKG,-0.34612095,4.7549114
ORPHA:464311,,3,DYRK1A,-2.743808,1.1612893
ORPHA:464738,,0,MED25,-3.9381142,1.690333
ORPHA:466768,,1,MORC2,-0.23741113,4.912493
ORPHA:466791,,3,NONO,-2.146738,1.9371551
ORPHA:466950,,3,WAC,-2.447443,1.786903
ORPHA:468631,,3,RTTN,-3.2541733,3.0322714
ORPHA:468678,,3,POGZ,-2.1804724,1.6604342
ORPHA:470,,1,SLC7A7,-1.111015,5.6711984
ORPHA:477,,1,"GJB2, GJB6",-2.8792076,5.0818563
ORPHA:480880,,3,USP9X,-3.7123282,2.7061844
ORPHA:481152,,1,PYCR2,-1.1973246,3.3057117
ORPHA:487796,,3,CDC42,-3.653095,2.2154346
ORPHA:488632,,3,TBCK,-3.2324126,1.2731874
ORPHA:496641,,3,TBCD,-1.2152418,3.5400848
ORPHA:500150,,3,SON,-2.3824863,3.2152002
ORPHA:505248,,1,VPS33A,-2.029815,4.162406
ORPHA:506358,,3,YY1,-2.6404977,1.2326959
ORPHA:508488,,3,PUF60,-3.3121061,2.7321916
ORPHA:508498,,0,PUF60,-3.9316046,1.9240772
ORPHA:508533,,3,EXTL3,-2.1412413,3.4175138
ORPHA:51,,1,"ADAR, RNASEH2A, TREX1",-1.0933119,5.041057
ORPHA:513456,,3,WDR26,-1.5050064,2.015799
ORPHA:51608,,1,"ABCC6, ENPP1",-0.57508266,5.250013
ORPHA:522077,,3,SYT1,-1.5904051,2.403021
ORPHA:534,,1,OCRL,-5.0348,2.52206
ORPHA:536467,,2,B3GALT6,-3.5658338,5.614918
ORPHA:536532,,2,AEBP1,-3.7135532,6.4354353
ORPHA:544488,,3,ODC1,-3.3296509,1.9959646
ORPHA:550,,1,"MT-CO1, MT-CO2, MT-CO3",-0.25341558,5.2242227
ORPHA:567,,0,"ARVCF, COMT, GP1BB",-5.030224,2.5877235
ORPHA:572798,,1,WARS2,-0.53441495,4.277
ORPHA:576,,2,GNPTAB,-2.4755762,6.2625885
ORPHA:64,,1,ALMS1,-1.2657008,4.6694903
ORPHA:642,,1,NTRK1,-1.2516973,5.9185
ORPHA:649,,1,NDP,-1.4772999,4.4114485
ORPHA:652,,1,"CDKN1A, CDKN1B, CDKN2B",-0.37113097,6.0661664
ORPHA:672,,0,GLI3,-4.9844017,3.5411654
ORPHA:7,,2,"WASHC5, CCDC22",-4.4581137,3.7231104
ORPHA:70474,,1,"NDUFB8, NDUFS2, SURF1",-0.6786885,4.733838
ORPHA:709,,2,B3GLCT,-5.072917,3.2900822
ORPHA:740,,2,"LMNA, ZMPSTE24",-3.1028895,5.8235726
ORPHA:744,,2,"AKT1, PTEN",-4.5953455,4.2840595
ORPHA:763,,2,CTSK,-4.257789,5.2524023
ORPHA:769,,0,INSR,-2.451338,5.589962
ORPHA:79259,,1,SLC37A4,-1.212594,5.82287
ORPHA:79282,,1,MMACHC,-0.9122137,4.7542095
ORPHA:79318,,3,PMM2,-1.8705887,2.8738015
ORPHA:79322,,1,DPM1,-1.6021829,3.868214
ORPHA:79324,,3,ALG12,-2.1076548,1.5811151
ORPHA:79328,,2,ALG9,-3.038199,4.1322618
ORPHA:79329,,3,MGAT2,-3.4461367,4.3142757
ORPHA:79345,,0,ARSL,-2.8373961,3.245717
ORPHA:79404,,1,"LAMA3, LAMB3, LAMC2",-0.88794553,5.4855294
ORPHA:79408,,1,"COL7A1, MMP1",-1.1422534,5.9625845
ORPHA:79443,,1,GNAS,-3.2040546,5.8156614
ORPHA:79474,,1,LMNA,-0.4874038,6.3451343
ORPHA:79500,,3,"ATP6V1B2, TBC1D24",-2.2555273,3.0687094
ORPHA:797,,1,"HLA-DRB1, BTNL2",-0.54826707,5.857345
ORPHA:798,,2,SETBP1,-3.8357315,4.6851964
ORPHA:800,,2,HSPG2,-4.4570665,5.8590026
ORPHA:805,,1,"IFNG, TSC1, TSC2",0.008971799,5.011682
ORPHA:811,,1,"SRP54, SBDS, EFL1",-1.5050831,5.777281
ORPHA:818,,0,DHCR7,-5.002084,2.854869
ORPHA:819,,3,"FLII, DEAF1, RAI1",-5.054739,2.389338
ORPHA:821,,3,"APC2, SETD2, NSD1",-3.4296584,1.1078017
ORPHA:84,,0,"BRCA1, BRCA2, ERCC4",-5.268564,3.054203
ORPHA:847,,1,ATRX,-5.1793838,2.64795
ORPHA:857,,0,"SALL1, DACT1",-5.5032096,3.1743405
ORPHA:861,,2,"TCOF1, POLR1C, POLR1D",-5.4397616,4.079095
ORPHA:86309,,1,DPAGT1,-1.0491178,4.2830963
ORPHA:900,,1,"CTLA4, HLA-DPA1, HLA-DPB1",-0.44495183,5.8331594
ORPHA:902,,1,WRN,-0.47814962,6.2875547
ORPHA:90321,,1,"ERCC8, ERCC4, ERCC6",-1.2354375,4.4715104
ORPHA:90324,,1,"ERCC8, ERCC6",-1.2690705,4.6293826
ORPHA:90348,,3,"ELN, ALDH18A1, FBLN5",-3.5841026,6.50216
ORPHA:904,,1,"ELN, GTF2I, LIMK1",-4.570038,2.1669116
ORPHA:906,,1,"WAS, WIPF1",-0.58746064,5.8396587
ORPHA:909,,1,CYP27A1,-0.07928516,5.0121546
ORPHA:910,,1,"DDB2, ERCC2, ERCC3",-0.3946181,5.1433425
ORPHA:91347,,1,CDH23,-0.39338738,6.068248
ORPHA:93307,,2,SLC26A2,-4.2071967,5.6531115
ORPHA:93357,,2,TONSL,-3.6767182,5.6216607
ORPHA:93473,,1,IDUA,-2.422633,6.1124997
ORPHA:93924,,1,"FGF8, FGFR1, GAS1",-0.044863544,3.762031
ORPHA:93925,,1,"FGF8, GAS1, GLI2",-0.04375558,3.7637422
ORPHA:93926,,1,"FGF8, GAS1, GLI2",-0.04700161,3.7721221
ORPHA:93932,,2,MED12,-4.563885,3.2591674
ORPHA:955,,2,NOTCH2,-5.029418,5.041766
ORPHA:95699,,2,POR,-4.393825,5.0989833
ORPHA:96182,,3,GRB10,-4.5617285,5.4068956
ORPHA:96253,,1,"ATRX, BRAF, NR3C1",-0.36832651,6.163664
ORPHA:963,,1,"AIP, GPR101",-1.9662899,5.925634
ORPHA:96334,,2,"DLK1, MEG3, RTL1",-3.3832655,3.2546818
ORPHA:97297,,0,ASXL1,-2.9445302,3.5931485
ORPHA:97685,,1,NF1,-1.7246852,0.8369238
ORPHA:98754,,3,"NDN, OCA2, SNRPN",-1.8859773,0.75191885
ORPHA:98914,,1,"CHAT, COL13A1, MYO9A",-0.98447365,3.8550727
ORPHA:99027,,1,LMNB1,-0.19261374,4.870343
ORPHA:99646,,1,IDH1,-2.8172472,4.035168
ORPHA:99843,,1,SLC35C1,-2.036679,4.7176213
